{
  "momentum": {
    "hit_ratio": 0.4827044025157233,
    "latency_jitter_ms": 1.1544954644722867,
    "cancel_to_trade_ratio": 0.0959119496855346,
    "order_book_imbalance_importance": 0.0,
    "alpha_decay_ms": 8.0,
    "slippage_bps": 0.03805331865415425,
    "throughput_tps": 1000.0,
    "total_signals": 636,
    "correct_signals": 307,
    "total_trades": 636,
    "total_cancels": 61,
    "latency_mean_ms": 3.108752513039566,
    "latency_p99_ms": 4.961483889217252,
    "slippage_mean_bps": 0.03805331865415425
  },
  "mean_reversion": {
    "hit_ratio": 0.5088967971530249,
    "latency_jitter_ms": 1.1508536124892332,
    "cancel_to_trade_ratio": 0.12099644128113879,
    "order_book_imbalance_importance": 0.0,
    "alpha_decay_ms": 9.0,
    "slippage_bps": -0.02381816978395372,
    "throughput_tps": 999.9999999999999,
    "total_signals": 281,
    "correct_signals": 143,
    "total_trades": 281,
    "total_cancels": 34,
    "latency_mean_ms": 2.915697391698917,
    "latency_p99_ms": 4.917426024610925,
    "slippage_mean_bps": -0.02381816978395372
  },
  "ml_random_forest": {
    "hit_ratio": 0.523153942428035,
    "latency_jitter_ms": 1.146364218807208,
    "cancel_to_trade_ratio": 0.1175,
    "order_book_imbalance_importance": 0.0,
    "alpha_decay_ms": 3.0,
    "slippage_bps": -0.024011621424645222,
    "throughput_tps": 1000.0,
    "total_signals": 799,
    "correct_signals": 418,
    "total_trades": 800,
    "total_cancels": 94,
    "latency_mean_ms": 2.9695263403975285,
    "latency_p99_ms": 4.952062875677759,
    "slippage_mean_bps": -0.024011621424645222
  },
  "ml_xgboost": {
    "hit_ratio": 0.5365853658536586,
    "latency_jitter_ms": 1.163136717511158,
    "cancel_to_trade_ratio": 0.08739255014326648,
    "order_book_imbalance_importance": 0.0,
    "alpha_decay_ms": 3.0,
    "slippage_bps": -0.028819917899510765,
    "throughput_tps": 999.9999999999999,
    "total_signals": 697,
    "correct_signals": 374,
    "total_trades": 698,
    "total_cancels": 61,
    "latency_mean_ms": 3.035170905467165,
    "latency_p99_ms": 4.964911086280925,
    "slippage_mean_bps": -0.028819917899510765
  },
  "rl_simple": {
    "hit_ratio": 0.5077574047954866,
    "latency_jitter_ms": 1.1389317621897304,
    "cancel_to_trade_ratio": 0.09154929577464789,
    "order_book_imbalance_importance": 0.0,
    "alpha_decay_ms": 0.0,
    "slippage_bps": -0.032908035676966395,
    "throughput_tps": 1000.0,
    "total_signals": 709,
    "correct_signals": 360,
    "total_trades": 710,
    "total_cancels": 65,
    "latency_mean_ms": 2.9845918169101675,
    "latency_p99_ms": 4.9558082027170585,
    "slippage_mean_bps": -0.032908035676966395
  },
  "llm_sentiment": {
    "hit_ratio": 0.49032258064516127,
    "latency_jitter_ms": 1.189022034627042,
    "cancel_to_trade_ratio": 0.08870967741935484,
    "order_book_imbalance_importance": 0.0,
    "alpha_decay_ms": 5.0,
    "slippage_bps": 0.037512285874162096,
    "throughput_tps": 1000.0,
    "total_signals": 620,
    "correct_signals": 304,
    "total_trades": 620,
    "total_cancels": 55,
    "latency_mean_ms": 3.032168649684748,
    "latency_p99_ms": 4.963183464000904,
    "slippage_mean_bps": 0.037512285874162096
  },
  "llm_pattern": {
    "hit_ratio": 0.4850455136540962,
    "latency_jitter_ms": 1.1647701274842661,
    "cancel_to_trade_ratio": 0.10519480519480519,
    "order_book_imbalance_importance": 0.0,
    "alpha_decay_ms": 3.0,
    "slippage_bps": 0.019491131600335294,
    "throughput_tps": 1000.0,
    "total_signals": 769,
    "correct_signals": 373,
    "total_trades": 770,
    "total_cancels": 81,
    "latency_mean_ms": 3.0275608996939183,
    "latency_p99_ms": 4.954909421092968,
    "slippage_mean_bps": 0.019491131600335294
  }
}